<?xml version="1.0" encoding="UTF-8" standalone="no"?>
<catalog prefer="public" xmlns="urn:oasis:names:tc:entity:xmlns:xml:catalog">
    <uri id="User Entered Import Resolution" name="http://openenergy-platform.org/ontology/oeo/releases/2.7.0/imports/cco-extracted.owl" uri="imports/cco-extracted.owl"/>
    <uri id="Imports Wizard Entry" name="http://openenergy-platform.org/ontology/oeo/" uri="oeo.omn"/>
    <uri id="Imports Wizard Entry" name="http://openenergy-platform.org/ontology/oeo/releases/2.7.0/oeo-physical.omn" uri="modules/oeo-physical.omn"/>
    <uri id="Imports Wizard Entry" name="http://openenergy-platform.org/ontology/oeo/releases/2.7.0/oeo-physical-axioms.owl" uri="modules/oeo-physical-axioms.owl"/>
    <uri id="Imports Wizard Entry" name="http://openenergy-platform.org/ontology/oeo/releases/2.7.0/oeo-sector.omn" uri="modules/oeo-sector.omn"/>
    <uri id="Imports Wizard Entry" name="http://openenergy-platform.org/ontology/oeo/releases/2.7.0/oeo-social.omn" uri="modules/oeo-social.omn"/>
    <uri id="Imports Wizard Entry" name="http://openenergy-platform.org/ontology/oeo/releases/2.7.0/oeo-model.omn" uri="modules/oeo-model.omn"/>
    <uri id="Imports Wizard Entry" name="http://openenergy-platform.org/ontology/oeo/releases/2.7.0/oeo-import-edits.owl" uri="modules/oeo-import-edits.owl"/>
    <uri id="Imports Wizard Entry" name="http://openenergy-platform.org/ontology/oeo/releases/2.7.0/oeo-shared.omn" uri="modules/oeo-shared.omn"/>
    <uri id="Imports Wizard Entry" name="http://openenergy-platform.org/ontology/oeo/releases/2.7.0/oeo-shared-axioms.omn" uri="modules/oeo-shared-axioms.omn"/>
    <uri id="Imports Wizard Entry" name="http://openenergy-platform.org/ontology/oeo/releases/2.7.0/imports/iao-annotation-module.owl" uri="imports/iao-annotation-module.owl"/>
    <uri id="Imports Wizard Entry" name="http://openenergy-platform.org/ontology/oeo/releases/2.7.0/imports/iao-extracted.owl" uri="imports/iao-extracted.owl"/>
    <uri id="Imports Wizard Entry" name="http://openenergy-platform.org/ontology/oeo/releases/2.7.0/imports/iao-minimal-module.owl" uri="imports/iao-minimal-module.owl"/>
    <uri id="Imports Wizard Entry" name="http://openenergy-platform.org/ontology/oeo/releases/2.7.0/imports/omo-extracted.owl" uri="imports/omo-extracted.owl"/>
    <uri id="Imports Wizard Entry" name="http://openenergy-platform.org/ontology/oeo/releases/2.7.0/imports/ro-extracted.owl" uri="imports/ro-extracted.owl"/>
    <uri id="Imports Wizard Entry" name="http://openenergy-platform.org/ontology/oeo/releases/2.7.0/imports/uo-extracted.owl" uri="imports/uo-extracted.owl"/>
	<uri id="Imports Wizard Entry" name="http://openenergy-platform.org/ontology/oeo/releases/2.7.0/imports/stato-extracted.owl" uri="imports/stato-extracted.owl"/>
	<uri id="Imports Wizard Entry" name="http://openenergy-platform.org/ontology/oeo/releases/2.7.0/imports/meno-extracted.owl" uri="imports/meno-extracted.owl"/>
    <uri id="Imports Wizard Entry" name="http://purl.obolibrary.org/obo/bfo/2.0/bfo.owl" uri="http://purl.obolibrary.org/obo/bfo.owl"/>
</catalog>
